"","speaker","err_count_by_speaker","err_prop_by_speaker"
"1",11749,16,0.00199376947040498
"2",14542,246,0.0334329980973091
"3",14557,59,0.00657674729684539
"4",15187,115,0.0139040019344698
"5",15763,201,0.0204455294476655
"6",15775,29,0.00409488844959051
"7",15778,107,0.0126090030638699
"8",15781,50,0.00710126402499645
"9",15784,44,0.00492555692376581
"10",15787,36,0.00453343407631281
